x,y,z,instance_id,label,x_gt,y_gt,z_gt
373.7492360823147,-644.4616449999085,7.5309405075992455,0,actin,368.1586492861079,-649.8331536489135,-8.86768588962079
-770.4331696712057,-66.50523186845642,-0.9563386934669422,0,actin,-771.3648720853578,-64.82785834618275,1.4657906148115254
469.78559137761386,-571.0185263699581,-15.527048336527045,0,actin,474.305886491759,-589.0695947236647,-1.8833693027748342
-784.960736039662,282.4685614848314,43.25936615327347,0,actin,-772.0334998075873,288.1434138332971,26.813520694248318
-768.1004795787779,0.9044345006733021,18.55781611336586,0,actin,-774.9640616560032,-13.68385039398897,8.647036035984238
-587.514503402549,-434.2648931251921,-9.1092076505978,0,actin,-602.482295227675,-453.1534944768846,-24.069743549488887
872.51772159225,-210.83422214094858,43.462195525189024,0,actin,877.7690670452762,-214.35554861485102,59.77432387436608
-805.4147517002954,113.923584316369,27.153202482121426,0,actin,-787.5663330318744,115.02536495654833,16.657846798868672
-728.6166976851408,478.5899486535026,27.538744658145678,0,actin,-736.8963229058859,471.2106297879227,41.02103345586818
-630.2251967583298,-410.4145231633303,-33.451113706253324,0,actin,-635.3488981481848,-413.9134073530886,-25.548593010330524
-653.1348702049876,-416.34780025998526,-14.03685508727117,0,actin,-642.9476507962603,-400.05332138927935,-19.99034144816122
633.7768918082476,-482.80969574109025,7.3691655038203265,0,actin,643.7080772969629,-466.1401546845584,24.641911650493988
-679.3793290289574,-315.9854762767989,-25.09469843342707,0,actin,-694.3576742289898,-308.8687814952151,-17.887690741658762
-392.2485820229897,-645.526793539975,-25.123238522664003,0,actin,-410.79965471035644,-632.0168831160194,-40.429162398860676
-484.28921427724174,-581.3083557025732,-36.411778752917584,0,actin,-467.8626608392108,-597.2006551193069,-36.97223447257361
278.9035357144119,-699.9194820184941,-5.843844363210852,0,actin,273.0463797476145,-691.0415987419965,-22.756055203014018
-290.89825544743326,-689.7737780351243,-53.150362997062004,0,actin,-300.271659359661,-694.2550160072028,-42.670035636214294
-784.9920646040256,-39.82435185337485,19.463848791034298,0,actin,-773.4529556235001,-50.30272138475439,1.5134405521213559
-678.8973394778995,649.4041491724328,61.48256983739457,0,actin,-677.9120877810492,659.4287006795813,50.89739891230741
1136.883424921078,214.2826288443401,149.47738072726676,0,actin,1148.977231981045,227.79753362121988,135.5697246758334
-764.2628395985811,239.39407820261212,5.210943236011094,0,actin,-781.9643680640966,239.3131433115846,21.768768255167533
-583.0449196952751,-455.63047741384605,-32.96127025039705,0,actin,-598.3809443200458,-457.9049292016576,-24.722167600384658
-649.1257938841509,-422.7933752872407,-6.266025746566651,0,actin,-639.4907960886359,-405.4614557540116,-20.374063506472023
89.08942531272211,-751.8324065758665,-19.906179248980735,0,actin,85.16622228785951,-738.5066328549544,-35.00697176072705
1015.4959043097343,6.118189654063271,83.79437248084456,0,actin,1018.5133832867668,-5.104397743525511,94.07084145140809
1096.4339169952132,161.74038823076265,129.85959707741122,0,actin,1115.0350990943352,159.0490219232029,118.7711514009524
-795.594092597711,278.830830859912,31.815394430592956,0,actin,-777.2728063122895,280.48318103333963,24.446816449475303
891.8005926396567,-163.60322152142513,66.79784466502345,0,actin,905.4917536991397,-182.09708159444315,69.43149657470744
-263.3187640160707,-694.64629162443,-47.02665214932873,0,actin,-254.22719456024882,-709.8564273727204,-43.65136470836706
938.544081567263,-124.90582795867627,64.56396069770818,0,actin,927.8036743599737,-143.60297304858014,71.41581227415215
992.0897850638155,-32.02838343177395,97.4138370119396,0,actin,999.8139895315588,-34.957339292433154,89.41620666896519
-178.380747231123,-712.6769271932782,-34.69867738899956,0,actin,-182.92559390700654,-726.4763828666947,-41.65014252153442
702.5977359133216,-423.4265988905839,23.045906160697957,0,actin,686.3045813821893,-430.40599214608034,26.63752714632262
-745.5295170065301,-166.71499559828692,-15.266858969014791,0,actin,-739.5320278906997,-174.01113900168488,-6.471397145419426
-456.7255112007054,-587.8997809691514,-46.03691446349525,0,actin,-473.64743793285726,-590.0047327931055,-32.49728268121849
753.3456751213561,-349.22173491002377,52.6641036996658,0,actin,751.0234279000928,-360.2749945464762,36.13916274635681
318.0096229200406,-659.0990174223089,-29.982048887655413,0,actin,309.8307981474497,-675.6394199290642,-14.59149649131066
1123.9683517983328,228.04970110178226,110.72230180088647,0,actin,1143.8942539108025,208.93886860134523,129.6619044796714
1011.7225001020477,-20.36763928702286,106.49283292637281,0,actin,1009.0346364331654,-26.757731080226172,89.78020962754803
-652.7720483245572,-365.0103455207365,-35.62610516758615,0,actin,-672.15399702465,-345.9264520546398,-15.900760095018668
-40.73694934736191,-745.3015906067644,-23.24250559729453,0,actin,-38.133233066576025,-744.8620587013716,-34.944998464803675
251.4922760678483,-694.0367078992614,-27.806072226787485,0,actin,253.82542211371944,-701.9300542589426,-23.314684167906258
160.49721118281718,-742.9970304354968,-30.177227620050026,0,actin,172.14349618202536,-724.0978752659851,-30.222797815453497
-481.11555980270805,-565.0845374963792,-48.23212490973574,0,actin,-489.3232451487357,-580.034091985773,-34.8202767695804
-675.0359664170596,-376.7067104269367,-1.7764191838073664,0,actin,-665.5011637700954,-357.11838149482674,-16.87794898358452
633.5840846115615,-478.6136966474956,6.868709451962047,0,actin,634.6549302320514,-469.09526177786114,21.360339445124502
-159.09199031592976,-746.5570793617428,-48.44875358892028,0,actin,-163.00303390198576,-736.5038664509389,-41.12471502487217
-625.3362733896665,-435.59551398357985,-41.96616802898616,0,actin,-617.3574720434518,-440.2699460184906,-27.22192509056313
-733.3161025172694,491.55393485963447,38.405601898718245,0,actin,-728.0853065917756,506.3799140243341,45.06591174596977
631.517560118624,-451.28487855499,21.855905976289666,0,actin,646.9475477488236,-462.97312416105416,25.193037667427507
-744.2750551087673,392.6027308283723,49.17590350436269,0,actin,-762.3211059693493,385.9022523033782,35.78473278898021
-732.2217444280982,427.91344786499803,18.41807519797179,0,actin,-750.0914271409349,428.6055575484824,34.65982758648972
-746.8971212268586,382.51157395846093,52.38437043134463,0,actin,-755.9348287573507,389.28288988625246,33.508143841853986
72.26256181716417,-752.499901261579,-13.44987565020438,0,actin,55.58470536126066,-744.3078724528235,-30.703858263091416
828.631755809948,-282.23247891170695,61.146513103812254,0,actin,809.892729468968,-300.5197005692886,51.24801057062143
-150.18492823040057,-725.7052694979305,-48.96277443415687,0,actin,-137.63567692935763,-735.0315279807295,-40.73022323608338
-793.6609132684299,115.8301158838259,28.42600644918865,0,actin,-782.586577982102,134.58451292378544,18.73605394048344
-750.086031385294,394.6700395217435,22.302329513082114,0,actin,-753.943065796852,397.74114830792735,34.79346038026522
-321.0028438125682,-704.9937390147197,-21.6469792680139,0,actin,-320.00583669144004,-686.4926594214594,-38.540265990572294
-637.658429170395,-388.6541668042008,-30.53052147122294,0,actin,-646.9049751066302,-394.56434468668033,-24.894167748136944
356.37933337464403,-660.4576623854152,-24.659585563224418,0,actin,346.182157811772,-665.2186114263492,-12.665752041348059
-14.444092890203402,-749.415561195383,-55.90517949993061,0,actin,0.5038725224316086,-747.8932682463694,-38.8323267494772
-125.87496000125351,-736.0932390785441,-21.103779833012695,0,actin,-129.2824431072671,-741.7343531264913,-37.65150438746396
331.8655529906113,-663.3396272788505,-28.11717090652443,0,actin,320.8348594016566,-673.2670902717007,-12.83860605335795
1169.9310654456333,255.07291276884393,138.30122341799827,0,actin,1161.6641185125723,258.82069871345976,136.4957464859916
365.9926197820708,-677.526725937237,5.659201813280994,0,actin,356.0052703488876,-659.6295486812214,-10.448191082328812
-730.9737786787811,-245.11875217817024,6.869223229888611,0,actin,-715.61784451394,-245.40544033468706,-10.355256509506283
-773.2841340318973,45.35562229388592,-9.655934803355295,0,actin,-781.9123056521953,38.66890810883931,6.54724595749118
-754.1266448192982,-194.4103450409501,14.289660647322089,0,actin,-735.9005735915684,-191.18934989777807,-4.847976696415975
-647.4537604487741,727.8624083445711,46.59054593295425,0,actin,-650.020962524363,728.0206711875788,60.722413827850346
31.54038539977322,-760.1891992927616,-16.466009554552365,0,actin,49.25915537446268,-746.6260222609101,-32.492317566982656
78.4260679636919,-740.4315635685105,-19.97767869536427,0,actin,59.21207021815458,-744.9429432707738,-35.810258748046365
557.3743128507936,-549.0807197171782,-7.868704606552667,0,actin,539.9635371859038,-546.434323677594,10.390876345988021
-246.5362352677059,-708.6157404351748,-41.03090344080705,0,actin,-265.5877594321355,-705.5829128427245,-37.444189589298276
687.5906986478687,-407.4566825119218,43.483841299298874,0,actin,692.2444619680849,-416.5995483406863,29.744030718681405
-717.9427768964761,-263.85575161174097,-9.740555995251611,0,actin,-709.7265088914407,-272.17042225586016,-10.840861177653892
-586.0177396132776,860.0674375895974,79.06129908294892,0,actin,-596.2936086395028,851.2446007847327,67.61758297530783
-519.5390311885578,-525.4407721745625,-36.380268159861174,0,actin,-537.848200801603,-528.7261031516787,-29.024305476637316
655.4064558531597,-455.00025684522313,40.864219419473386,0,actin,659.0350040527846,-455.2340936233911,22.149684250779064
-378.8590659754081,-666.163587907647,-54.64691626472053,0,actin,-381.57572244825633,-653.7571780518981,-41.51668779843131
-65.60922906490875,-738.8348983903845,-51.593865163870475,0,actin,-73.02564308876481,-745.7434603934724,-35.24798665594167
-769.7480480890599,165.23251253239238,22.87908077349288,0,actin,-787.0865082137707,154.65266259020214,16.189581433428224
-676.1275949439264,-316.61451541236744,-23.537378725473474,0,actin,-686.5725076164665,-316.46843762724336,-13.931962498773851
-767.9925694480987,-54.668144063574175,-9.517084242102634,0,actin,-767.5254848069613,-53.02010347616955,1.2436825283385038
227.3883579733657,-719.1221191255593,-26.208043975490842,0,actin,233.47827543742824,-709.2391818042112,-23.479005795859727
276.88512185020124,-718.4692874427028,-34.55996240117977,0,actin,260.67944559306227,-700.1250660378018,-20.663388723823868
742.7985687997499,-364.9760867073568,50.122517341105834,0,actin,732.6875118007641,-376.80410740962986,37.1391556557634
-793.9853007025021,108.85615759710842,-3.609398497785607,0,actin,-785.5835849137306,119.28300743069126,12.522772984199909
876.9889998406991,-224.25552819791278,73.74513860418304,0,actin,865.7283184974187,-225.9871262166985,63.13695308605731
211.28103745915243,-727.8286461919982,-30.76944541334407,0,actin,229.98360538016644,-710.2824142874015,-22.572231596637618
-737.8176907086288,438.49351933648,29.99722472926812,0,actin,-741.3907873421647,453.75937943506193,40.45047306860706
766.5777004466128,-353.36948639210095,27.98331732486728,0,actin,754.4061227678798,-357.74030649895093,42.61075135312137
3.0651852578661742,-742.0262202554244,-18.506765534110407,0,actin,13.182260455378861,-743.3445499504967,-36.38052650166647
1246.2425486551672,405.04454505491344,167.87815166847997,0,actin,1237.4838157368379,411.61957501914543,162.02328146361694
-638.7411094015795,-402.6249306620233,-29.612989994289915,0,actin,-632.7153913467819,-416.32062251788994,-21.29055099237463
-655.1724622118439,711.3791839608125,61.9037321466519,0,actin,-662.0679965633458,711.5214369920644,56.5571864368187
-772.2501891943302,-135.97761152189526,12.698254699949818,0,actin,-753.2745410489714,-138.1425014285017,-0.505344835277246
-747.1828653731619,379.68091061229853,40.84207138639526,0,actin,-760.722952474675,363.7117476757921,31.78535134653076
-659.3642512430552,733.8660862157503,55.605609376702944,0,actin,-642.6325127957456,741.4221152681599,59.8855788440012
-250.76234591000548,-712.7021434845732,-56.389980135810035,0,actin,-242.9534567576301,-714.5902285907853,-37.84055671236258
-690.2732895999401,591.6700773761377,61.82437380951288,0,actin,-702.394681283898,606.3682372525187,50.44653763080182
787.0627537681253,-349.1600594215943,59.297960300231544,0,actin,772.8289053203185,-334.36571074518264,44.24367277296819
713.0660232748666,-408.49195432358636,47.26475616820113,0,actin,723.557817405806,-394.34915541938886,32.800184080049796
675.3871716101457,-421.901635750255,14.992765820731119,0,actin,682.9887367299208,-433.86005934165365,27.24528720028694
962.7027263073982,-103.74826805463893,65.90030940144659,0,actin,960.0419929741213,-105.38807999126996,81.64943854222948
-245.85321820514417,-691.0446963846906,-51.686095683514736,0,actin,-247.36131117869746,-708.4265119682846,-40.387234822170264
-780.4762923278679,20.592992859648405,9.437649621334774,0,actin,-781.67325439065,15.91779365444516,5.887854105550255
564.2444644258089,-528.4488584660755,25.81562007586855,0,actin,574.4885321563744,-520.2386962750205,9.32817511254595
-505.6773206537744,-556.5514318468144,-19.123339348130614,0,actin,-509.2696932898012,-561.0635020447216,-31.29715251668719
4.384207724595736,-756.0454190685703,-21.68963169255295,0,actin,19.578711818821894,-744.75463195456,-32.34236188580587
-600.0596480280499,816.2289347632557,84.79947310219586,0,actin,-606.5425858557485,820.9789816803869,66.42374307633744
1081.8011591885536,107.41564106750317,121.44701211562358,0,actin,1093.2963240102354,112.80021775971252,115.73114141559437
-276.1182169499429,-701.3817865911935,-38.807067245779244,0,actin,-280.31180653289437,-701.6639736931054,-37.75521910235958
1158.262873395371,242.32634040415098,154.16831211964055,0,actin,1153.0441627561188,240.6934001394626,135.67375270075814
1062.1279626310327,52.18217454354876,86.2206553821261,0,actin,1046.0730880529957,40.47844157725275,105.10911769362828
944.8958338086184,-103.15685736224545,83.60043364584399,0,actin,949.3162394854063,-111.84697844453879,81.10544064881998
-543.2437898946527,-512.827384998175,-27.164277397533645,0,actin,-545.4344071228033,-527.255531917845,-32.371433611592714
849.1641341858768,-275.3295890271266,37.55162014200536,0,actin,829.1747546515962,-269.5868498127898,52.88214139756536
-611.6093514894792,-414.36471917077273,-32.56018195439063,0,actin,-618.3030994738972,-429.31446162491903,-26.02753353737411
-350.5894902599934,-648.5697902834235,-48.01540528949987,0,actin,-358.18654360396886,-667.8541411561928,-40.9964881077483
-567.9296019931459,-489.18463957746616,-29.29872738682487,0,actin,-555.8182479074566,-507.38557420472046,-29.790579063162536
-411.51797425313396,-617.569181015099,-22.1191085662237,0,actin,-419.6304262757667,-629.2487729132431,-34.649423017652865
94.8527860148262,-732.4418897681302,-27.355595603051018,0,actin,88.07064552656611,-737.0518145165461,-29.97782501896067
683.6049790522296,-425.580064224703,12.534807856946447,0,actin,699.2397113424825,-417.40771707448863,32.0315434168507
-176.96041006566367,-715.0033769300728,-45.887418193007385,0,actin,-174.91623899744596,-733.1027105078188,-42.63647216887604
713.1758422870305,-413.9166888440009,48.66696704412814,0,actin,709.8257745165382,-401.3494642799054,34.705601690501986
-744.7084844134986,-176.99742582638282,-5.428573225375395,0,actin,-738.7366025405637,-177.32341103896076,-7.589614059248202
-554.8514627889065,-521.3093573343804,-50.56246838887263,0,actin,-545.9290148163851,-519.084278122474,-33.23125213436636
-171.69967235189137,-719.8578518422211,-22.36222657364361,0,actin,-172.13034904171406,-734.7836698416885,-40.8424109226702
-508.0236033996356,-564.6065382961144,-29.841282550312386,0,actin,-519.7586554014814,-545.0673001236954,-34.64485878836119
-737.1186970827379,513.1386283823305,39.92994472025488,0,actin,-727.4913527290577,525.6326487944843,42.30672791357003
320.81734861667525,-692.8712322654173,-23.8831561879504,0,actin,314.67440539899854,-677.6841991158417,-13.881904341523914
-615.4712319717366,833.4300934020406,65.24564639417494,0,actin,-603.9046276549808,837.4586819754272,64.32922779979513
-34.44339563812201,-752.7512897175537,-33.8041572486356,0,actin,-31.788974522112706,-745.3229063135541,-34.47878977031221
319.1674714610663,-680.7196341841651,-32.87749601079208,0,actin,323.44371761594374,-669.7307757968786,-13.514899001991116
150.1566766716753,-725.1409988860993,-46.07261151756077,0,actin,144.87344487673684,-728.1710369971175,-31.704200653206772
-583.9111069417403,-489.42537695296454,-48.86766499466941,0,actin,-587.6915640261926,-473.0635998022325,-30.897541318073895
-786.0931392241504,44.14549613704071,9.74353200272767,0,actin,-783.1373649568201,46.15926069313009,7.304492109750752
-666.6063524205636,669.3363497487236,49.680200568275104,0,actin,-681.1421540830761,655.0568300093535,56.29542876899689
-665.4381276089559,-356.9217273680718,-13.791312173634452,0,actin,-662.3995671351357,-362.4054574873995,-23.00617561116183
352.89212905418736,-652.2073865852552,-0.13688336791188505,0,actin,353.0643145473709,-662.0379867412635,-12.06718630620739
-749.7381933486772,488.2102435282118,38.58603751464383,0,actin,-738.6367921813164,481.22292688499226,38.48977117584755
-777.4643631802762,-82.99449653916673,16.826547530861294,0,actin,-762.3245926306245,-100.10013046363576,2.2772370418607126
1237.4075338620055,429.15600409821866,184.4268618269619,0,actin,1243.8962309670037,439.28389662577524,167.86812038684278
952.4922369098609,-78.13717081504659,95.95257219650793,0,actin,961.9209092511641,-92.59608201856636,80.56448938781693
245.34050111605333,-690.098390901545,-10.090632059409842,0,actin,248.62566936873637,-698.7420542575098,-19.57855297592998
-741.4293008946597,-188.04137140163812,-22.313602192392743,0,actin,-736.968131100418,-183.97641216321054,-8.585210320499128
-727.3175902176251,565.1429843802257,56.38390554935244,0,actin,-718.5587877410233,551.7554784037504,49.05050156753653
-332.8123433045713,-656.4330965139352,-50.310234920129446,0,actin,-347.52905605628183,-673.6773045388157,-40.51175758721192
-314.5795901488563,-674.9374240940425,-55.53535414921032,0,actin,-296.3946764085995,-692.7694798955891,-43.30255635913134
-804.6454428699808,112.13714440790191,34.77456614838536,0,actin,-786.8411472453145,107.1762918393499,16.891226756283423
948.8559026401601,-126.15633549697623,89.48726349283807,0,actin,954.7909217655034,-108.93883495773954,82.81975539720688
987.6881204518293,-88.1515608052593,95.79472284985872,0,actin,967.8610279797041,-83.27078874566419,84.3298873711631
-99.66356846652606,-747.4685029360639,-42.39186553413447,0,actin,-104.04834896640061,-741.9564355566072,-42.12577670819442
-764.3902496710958,319.37980138848,24.900401867269593,0,actin,-769.2016143974392,338.71010197815343,34.16795502635643
879.8219838019731,-220.37382397921036,58.3959848277226,0,actin,862.3054633239082,-229.9637609383664,62.255703912430306
-766.1809493662518,-9.746706709267379,16.500892770603524,0,actin,-772.2792153872745,-24.118141543546237,2.8519734937669883
-361.5010054251451,-669.6191997684242,-52.880701165471095,0,actin,-371.6027156283858,-660.9152281320332,-37.99908872423973
-579.6818737813558,-488.0004930832071,-49.20109003983568,0,actin,-568.6895959005498,-502.20471760753844,-29.897595988463802
-790.2871952585128,284.307412496959,33.79110297819582,0,actin,-778.0174618656033,272.1837206348707,23.761514795286743
-596.5267002957235,-462.96785257990655,-41.314250807785854,0,actin,-603.7313727167116,-457.72096585032267,-29.15615017066052
403.2266637557062,-633.174675464809,0.9192002631807981,0,actin,402.4096108326244,-632.169981776111,-5.535008945120801
-115.53478881388051,-733.0299114169263,-38.97855706962262,0,actin,-113.54133018080643,-741.4000122460556,-36.175466280835
-794.4127731610828,92.52202746878152,16.415634844894615,0,actin,-787.3543113434872,91.75522924217026,13.982670409539683
-98.6227411261141,-732.622294598755,-28.499260890239547,0,actin,-94.61957692883635,-741.862166568511,-41.49805772960113
-747.4162002807246,-136.76196843954435,-1.8100461986603769,0,actin,-754.165665837648,-130.62966226411532,-6.090316587394582
-505.15361553024206,-537.3261726261524,-54.96887875694235,0,actin,-512.7610246914471,-555.4437674445753,-36.50147700582246
1269.1120944533702,490.23799623249766,176.08038364325608,0,actin,1257.2274675297847,472.3910866067161,172.78583189485445
494.88574373161924,-583.3014873992987,3.0157829665913147,0,actin,478.91516944559424,-588.4744557181178,-2.9430017888379276
548.2351795094322,-524.1150417110383,4.019727628674808,0,actin,550.186872747812,-538.841421429123,11.660403515500944
987.3314476457948,-61.520538979513944,74.23722654204182,0,actin,982.3618867084484,-72.27182795549656,86.44939905093018
149.03134730023564,-704.8103477695964,-30.275216204406988,0,actin,164.69278113837524,-724.2156770692868,-24.674881195487178
-790.6797093217006,235.12349446134462,7.207128579155512,0,actin,-781.2754661318094,218.3652388939892,25.844146449311918
-255.61959721660332,-700.8334768113135,-56.086274328256614,0,actin,-267.90313236047825,-703.0469435203203,-37.81867902183298
-494.4216679261468,-569.9699873638145,-21.934306460818007,0,actin,-482.32029504766183,-580.9985428834353,-38.05100766226589
-765.8343113241973,123.4094542262865,27.853028152910067,0,actin,-781.8853608204431,138.7162816977872,16.162718602295858
188.71479589072877,-717.7664268134745,-31.485680360516284,0,actin,182.01054307433338,-722.1737078981348,-23.768062144957526
-707.6511604428366,607.3366795017586,61.53503879559861,0,actin,-700.7662240367725,610.8606618511418,50.982950488318586
226.17229921502792,-728.1009381391834,-9.221816250226606,0,actin,209.54993206993188,-716.2908761599497,-23.564794595325782
-238.8050824405942,-709.8546717322135,-39.46736253243806,0,actin,-238.9914333987622,-712.1155634744384,-42.84865012645257
1114.9810355479663,101.99139331006458,117.55533711862877,0,actin,1096.007845890144,118.34991322473995,117.2562089622836
1152.1826299900815,235.15330082491766,141.45706308345373,0,actin,1161.3327872076452,244.14465410554533,135.55254876883214
-695.3665170295301,636.5962189020969,57.11012885309754,0,actin,-697.6256453560479,620.0148166229415,50.57072644406277
1120.407647339837,125.60413102709433,107.24422336710788,0,actin,1103.6601353685098,135.461803896898,121.1310150908137
-677.8638786738665,-295.16932693572716,-30.034260851221475,0,actin,-694.2561824832588,-298.1363136390492,-13.168799486970368
-232.52925717818582,-700.4371196562495,-55.32119794523001,0,actin,-219.05159200910066,-719.7583171885425,-37.493279321332814
893.801164333992,-215.67588875886867,68.48918895709873,0,actin,892.437192340168,-198.84459017327467,63.74773050799188
-795.6203555015757,59.65901473940363,6.385504817907444,0,actin,-779.8041348343876,61.39699346190607,11.38810159571668
1082.423701896712,78.89577495815038,122.67268191876647,0,actin,1074.1542361535728,80.56941235069671,112.19269552705843
-276.20195066445507,-695.9900597849194,-52.43860676691912,0,actin,-256.8498159500278,-708.1197500526273,-43.65033601118671
-418.11728417524444,-645.0011398645,-47.686347588518814,0,actin,-398.20279463540027,-640.5803800410025,-35.50678043665043
-717.7542999435303,611.5215618890577,54.073811332953255,0,actin,-707.0725268816748,592.839431692211,49.38055551825366
290.6397504327558,-664.6278061287132,-15.670471010417753,0,actin,308.55385825723545,-681.4287710765035,-18.610197607260076
-673.0492072331404,-363.0537346439645,-35.444449250112314,0,actin,-659.1523643227307,-364.45264500991806,-20.84760586799035
-55.04495036666012,-750.1243975689111,-39.44090881193444,0,actin,-60.140142654275415,-744.1935551908447,-40.428748575988564
-236.5144306226093,-731.2229805007184,-25.679410887263934,0,actin,-232.9704856137855,-713.1710820251163,-39.48145695930695
766.4005065102815,-321.8790182523534,64.08397688632058,0,actin,782.7280292329096,-323.1495137390781,45.26780922149057
515.4350370215154,-557.9171819551378,-9.907121654282259,0,actin,504.7686271141597,-575.7199196663845,1.4472602551524414
333.01740509026047,-675.1427247512204,-33.24260264523874,0,actin,336.0502175079739,-669.8463393936025,-15.740461305010014
1058.3330224824192,52.73497724150627,113.70089004756485,0,actin,1056.123698770648,55.54093971908789,108.40333646248963
-783.901233472896,148.51027118217507,35.89556733283112,0,actin,-787.3611309498979,166.52142859097972,18.164394959211332
-37.8795547650777,-762.0951356032623,-32.96561550131089,0,actin,-53.97912161900887,-748.2253235025419,-40.26572116022502
482.6136009786959,-597.010059958897,-7.186589159583249,0,actin,497.7185269514441,-580.5352160805666,3.2833935125045755
200.1552609746875,-705.7215229862784,-4.789164713665727,0,actin,197.9769025741859,-714.3325963260172,-23.24288247047444
-727.8184862607463,470.33854283554035,23.509838383302544,0,actin,-734.057871081049,484.64435819766544,39.775732731348164
-622.972045738475,-450.0964793456879,-16.42661167521649,0,actin,-617.1580833481415,-432.6165408118125,-22.82846741931159
-762.6678298693643,261.2244009722616,6.2270172437474045,0,actin,-779.6339818093459,259.82268134014095,23.005112926073124
-704.2965159299847,-276.73994405374356,2.802319765887301,0,actin,-709.1300256070092,-275.5158590398255,-11.738869399189785
-199.7247303130446,-723.5788830102193,-25.976886539374476,0,actin,-203.8206870312305,-721.8261953510612,-38.55371798434216
-741.2176873049455,-133.31287683675276,11.353198326598877,0,actin,-747.560630588896,-151.1546533235883,-1.8620186588954595
-767.0567961404959,400.61922906979896,35.082374938672196,0,actin,-752.7052913498625,406.2443602388378,38.099550477084975
-584.3280971137327,-478.2042850863338,-39.030706343327125,0,actin,-573.127427869021,-493.4530346543322,-32.34589421054521
-729.0881726680342,-246.47936808958497,-26.41523731094592,0,actin,-714.0021654384262,-262.6434479585417,-15.131087053495948
132.51904966999348,-752.8949981901724,-46.68371256438452,0,actin,125.448830859209,-735.2317289902039,-32.518094139786335
478.15508663160597,-585.3320623815172,-3.0176486137630594,0,actin,488.7200415374383,-582.1424335049918,4.2546616304931355
1159.3221618018943,244.1840617425778,152.4057973729109,0,actin,1167.4882946442049,263.74918905348113,135.0673462684519
-759.6775303298889,304.33428884713203,45.613400243644094,0,actin,-770.72026641483,304.9783525534946,26.704164027948995
-74.7591813073897,-729.9756998959957,-37.50685736572268,0,actin,-91.70735456900402,-742.897023578448,-35.82210877001085
73.00394379792814,-725.1744423111661,-53.62488643080066,0,actin,82.04346570203738,-740.1235024392126,-35.45014419335857
-696.7194547299453,603.8490783338871,53.74604016999871,0,actin,-703.1899177277674,601.7617914551871,47.48546820381257
396.07636882344735,-650.7996682194556,12.977203027120467,0,actin,392.6204321921922,-638.649339769726,-6.131944354282439
-609.3941787836671,844.5662230276636,86.50956754091234,0,actin,-599.0982504845273,840.7161097549496,68.29178520875972
273.20078312105187,-687.3208432552464,-1.5757922880050756,0,actin,289.72174458474325,-683.7903451801005,-20.807472734147446
747.6543524528986,-370.04310136151355,40.972862088657365,0,actin,736.9258752116128,-374.49188791250845,39.37718450546755
-636.2603180985552,-408.1459335719444,-39.696056474334824,0,actin,-620.2244160121892,-426.9742486093794,-23.323844457527247
602.1154181653638,-482.1484519624606,33.61062754264735,0,actin,603.4606013851818,-501.4619713607109,18.296514556276126
239.8549464582599,-678.3544934904203,-41.88329459661891,0,actin,255.31524501689765,-695.5253225725609,-21.9091689704014
-407.56965425088106,-632.5367465718871,-60.65725862175593,0,actin,-414.84427253136533,-632.6913327603686,-40.79932688312346
-645.8492783510976,-376.9060333896538,-20.640720103521456,0,actin,-654.3924279822751,-384.08473362213283,-23.048177753586877
927.1459211820464,-123.30688908092884,73.1017269227911,0,actin,935.08384334467,-136.09185745189382,78.4861726535928
-653.1747146574005,687.2704619725187,70.46640299708899,0,actin,-669.414105491314,687.4221776740151,58.33572925509189
-655.5637894428387,-385.14275388498965,-12.497476754648744,0,actin,-659.5023667502505,-375.84520185670453,-21.994777944148783
-200.45697325629797,-719.9097862346946,-22.24395054200218,0,actin,-192.44495575903622,-726.720697807768,-37.331082286907126
-440.28550281089605,-629.3541632921017,-18.521839125594838,0,actin,-442.16217655558256,-613.879408232231,-33.85364210986403
187.18168228120166,-710.7801384002595,-36.217627328081115,0,actin,174.40377927854237,-720.0688703130372,-25.318348483455612
376.9874475919818,-637.8178533531608,-3.0300193147462195,0,actin,365.5181006928264,-653.1945709537058,-8.78085032215823
-301.1818342694017,-681.2917676846965,-42.08992319201804,0,actin,-285.0069554788018,-696.9844488004258,-37.55262972744786
-751.4338517729337,378.2988343668821,39.96208640467422,0,actin,-760.32520261874,394.6150275221942,33.71564714102922
-572.4426654311353,-487.05119691160155,-15.311632787723326,0,actin,-564.9122033955763,-502.8213719289923,-32.9835008111747
-704.1658722210271,-303.88313186999744,-14.603895993489154,0,actin,-685.4463806206203,-322.8291381749739,-20.25934713346717
-764.1299618184743,345.8487783331402,31.910190306911893,0,actin,-772.745701024553,326.5393994794856,29.847719852991233
-405.9998192948639,-637.506126822778,-31.373098173831618,0,actin,-394.97663899218975,-641.0199043272472,-36.70439347958257
1201.710823890778,312.74380975147096,136.24194915067466,0,actin,1194.7164109372814,325.1810990093789,144.8066401320742
579.4155076762529,-484.6909141592684,26.07093567115029,0,actin,597.4572658999372,-500.4012365818076,14.060512522469114
384.2454986299826,-647.8516903056978,-14.297548794969712,0,actin,397.2361404647551,-637.9506524869968,-11.751511340408937
-734.9629258552918,-232.7822348609517,-24.9555171226501,0,actin,-724.8116346304465,-223.2353110657176,-12.384495293245338
1045.4299360187215,51.880026557124864,117.28092306701978,0,actin,1043.789115673584,34.70195056710661,105.05916705181808
-538.6993914739812,-533.4231397396595,-52.25122085293216,0,actin,-541.3621149260179,-527.4711936043237,-34.708050067942295
413.7088526244788,-635.7307159513097,-9.976389908263966,0,actin,429.71305688779734,-615.9303481352406,-6.871513962554387
723.4477974834871,-394.30085704114344,53.16310672874443,0,actin,726.0918407722138,-383.83657510391663,36.49436285549235
-396.2962394989715,-615.186745135341,-51.968689456272934,0,actin,-404.9789775531861,-634.2235597463367,-38.005954552306726
192.7121992943155,-729.9048542233759,-20.377464277432725,0,actin,192.38970273128533,-720.3661728020757,-23.709459382219126
767.6266244583559,-360.41044708328155,46.53041174244571,0,actin,759.8826794969908,-348.72337309276134,39.13847229093863
-771.6839127720277,-9.668983740577808,19.999065449886647,0,actin,-773.8470562529778,-5.898086720544831,6.659896511353171
-757.8862593795732,362.91228961008994,25.119616425017863,0,actin,-760.1968368257227,380.9123856821828,37.51061286254854
-666.3719394636283,-380.1453890859329,-10.166203179831022,0,actin,-646.7432801381441,-387.2406734558452,-19.779089177542687
-771.3777453624276,251.02662912707007,43.40089776389134,0,actin,-780.7418009303916,255.412084387604,27.7246634605842
592.9430782225514,-504.8844094291474,24.403079650945163,0,actin,594.0541770955869,-510.541075819033,15.33875798879589
1204.4568192404124,356.45537161499306,165.73209024070263,0,actin,1207.0099160282045,341.7328372591104,150.1019108694192
-734.6729755415247,-243.70407527906093,-21.229935770773565,0,actin,-719.9369296164189,-243.57596733332107,-8.317660298483954
-776.1044984549579,20.925773244945354,23.445800305824065,0,actin,-782.4788430244404,23.1030375244033,10.367289641975617
1044.5819430645238,33.1945715568203,97.39652693714605,0,actin,1041.5554848949998,22.333412440012747,101.54167247675649
-581.5556585720177,-481.06603473017327,-44.41855068916206,0,actin,-566.6113053535963,-496.3718672271033,-27.583369133388477
666.3212899227984,-432.5410371075767,21.29808508891997,0,actin,675.565099208049,-432.54203896804245,25.778689268669442
1068.557297521656,50.309208816503485,95.42758015142279,0,actin,1063.5368625607412,66.2720015588892,104.20993962742862
-257.215053967406,-705.0792414709146,-29.544326156707527,0,actin,-244.55602014256448,-709.5919100858341,-41.81132472537834
-393.4378729819633,-647.8668987188647,-20.334291937253745,0,actin,-405.7100686561504,-641.0866624392486,-38.149058200193465
-315.02133897313377,-690.5115195295455,-24.0408421215541,0,actin,-311.850547022458,-690.5273447772236,-39.92091941039844
980.707555873868,-45.04672176412532,109.67126984540744,0,actin,999.2387402430824,-42.23210458051451,93.33928564310774
-403.41784463562084,-638.1021654041142,-35.820355926815715,0,actin,-400.72326128547894,-638.9203764926331,-35.47183614813098
-521.1861902201189,-572.5022143025669,-27.32407975809772,0,actin,-503.14951215825147,-567.9358172930247,-33.30707767710382
-785.5799992176118,131.89108788570587,12.41813240891384,0,actin,-782.6340089753277,142.7524136747371,15.086998877880637
-425.21128042775274,-615.7321732494723,-47.567149269859414,0,actin,-417.70598267781827,-631.545747865799,-40.4499857792135
-738.6116975164977,444.3480472189571,52.487028974274565,0,actin,-740.906474131624,462.75122978064684,42.98200482699846
-719.7736716811974,-274.0997008162367,-32.20103564190036,0,actin,-716.0344095475921,-259.9102943538023,-13.740751173432848
1253.0239660883626,402.105749714334,157.16023772071435,0,actin,1234.7786429856226,405.3741147009868,159.47614973112277
-741.986552937063,381.6033051523528,46.86224626981542,0,actin,-758.5515272439831,376.5226627367113,32.37492220458422
-381.63616115040514,-648.6488590502784,-42.162017811039235,0,actin,-382.93538664632564,-650.3138253358566,-35.75814080849313
265.5841583875752,-678.6065174675795,-17.347303335480504,0,actin,268.87836456814716,-690.6832307633018,-20.8216122013612
-532.1603440946998,-546.4568452317995,-19.226123607405846,0,actin,-528.1118822966058,-536.2207335199115,-31.85621546004787
-329.06356057651004,-680.1046029775933,-58.10709252968411,0,actin,-341.41807704107225,-674.920622226983,-42.49864963327742
-537.786283895888,-527.1756442073583,-18.403829862043374,0,actin,-550.9263581225559,-515.2602449782235,-33.69210074537788
-631.7043505136917,789.108239481989,68.35463433699124,0,actin,-628.1559874904372,774.1584461595911,59.4475202922819
-582.1591917186012,-495.9597677872604,-20.165926514576977,0,actin,-564.4829761918468,-506.8589200951349,-29.532955443297034
805.9884911256636,-311.09238388219,53.859680813158874,0,actin,813.1445616932134,-295.88061661554974,47.295692981029454
1004.6676762664771,-40.47506309213277,95.95086040727818,0,actin,1007.2470540812508,-32.74213524025338,90.19741411714163
-537.4699139135911,-527.7911388650791,-19.426131454734993,0,actin,-535.0164879220039,-534.2184227093161,-35.118906853859805
-793.3863346466657,107.72536680123451,-0.7148762496134324,0,actin,-784.9211537849943,126.66564085784294,19.19444862102052
252.8873883540263,-718.038088617049,-5.600384227159612,0,actin,243.34511512890808,-705.4118477211416,-20.446616652857724
748.2863013940596,-382.73449376861646,27.907811811997927,0,actin,739.7047180602452,-369.80089732838604,35.868622445207194
656.1478191855524,-436.37584411598834,24.754668639061823,0,actin,652.4177601359181,-455.38578901339605,25.799597053791434
-791.929529062706,249.55692560650166,33.13284410432251,0,actin,-783.922192527929,231.04548873407214,23.882092284860143
1079.3554558880192,57.20225492355483,113.56589310422258,0,actin,1067.673153051827,77.17936905260885,111.25298901092907
1104.3610864333154,149.29037420047777,106.58874847545954,0,actin,1120.3087474191773,163.1095852215463,122.07864417682431
-462.05995623781155,-605.8715353070895,-17.383623716143028,0,actin,-457.42413202235764,-603.8367025903766,-33.69712697443398
-645.375058819974,679.7201336107008,66.51118302306193,0,actin,-662.1932947584246,695.4472185091824,54.98698004798519
-763.3727619890668,338.4492163880832,40.114120990933785,0,actin,-764.8818853985845,351.0181602097426,35.29039997766128
-671.3792867091341,-338.37730081432346,-13.973789276925345,0,actin,-680.7565868408046,-328.2631793290477,-14.78290645190416
645.3123026086361,-457.9283221981405,31.362015202820835,0,actin,649.576246158123,-458.1225595394128,19.926064862664603
842.5615578829093,-266.56546988474867,59.055368142181806,0,actin,842.4635121167202,-260.1353897070166,52.72711144915009
-375.9135422918897,-634.4957824440929,-31.743909689230424,0,actin,-390.1411045834059,-650.5012684737954,-39.17078175101905
-292.79468456579207,-696.5341870687828,-30.41160143146748,0,actin,-305.02098487804705,-690.0438281585062,-37.13551251492939
691.9490717647512,-397.73920477650864,41.68807531057701,0,actin,703.2085264001579,-408.09695693148126,33.735291245455706
-701.0129899142265,-309.4360447664233,-3.9982349714739716,0,actin,-699.9746390246496,-297.0481230084598,-13.704699143660187
-60.817197773602274,-735.1593885339042,-48.46896166378768,0,actin,-76.13106997427033,-744.969609761039,-35.302623557412446
-683.1538474255664,-347.6637082084949,-15.867954734537907,0,actin,-676.9533722606067,-333.30942489714243,-20.223246397452886
1129.2683021712678,196.11724130958387,117.78188605922522,0,actin,1129.6365554307274,194.40518692722313,126.64471472650763
-194.24808851358847,-707.4452572132374,-31.407450490076116,0,actin,-206.93673864474033,-721.6862026509469,-37.96330362092006
-674.1919442230052,729.1861858216898,63.80179753571001,0,actin,-660.1429645156536,716.1185141470618,57.27479375024204
-462.6213342210751,-570.9428098807861,-29.19947236522969,0,actin,-479.24421114128694,-587.181528486219,-33.031142136473726
228.3955074532338,-722.2990900449622,-31.529260514798207,0,actin,247.08446335384087,-704.6168540629461,-23.120884539333296
884.007005761661,-196.13842720056624,70.15984343980892,0,actin,884.7353209210951,-200.24165603187353,66.23579458079641
-708.2095649155688,-264.93165701345066,-27.871485316099147,0,actin,-717.1924660369165,-249.77736228532402,-8.745090076670317
-234.9750321633205,-716.8197729389395,-58.099024181515745,0,actin,-227.3125916988405,-715.4739349046204,-42.65338012013989
1250.144587999228,480.3651412072209,154.8263383143018,0,actin,1263.1350023346959,477.6977754949264,174.20273252495167
1.1815973755687494,-749.4699392648521,-48.275812347266964,0,actin,-5.9936703768023705,-745.9729667116345,-39.137701753519295
1107.7880137384363,122.60573411744582,102.50262749584158,0,actin,1095.3111597572135,125.67337249567437,119.33349626768819
522.6310815515241,-550.0332004733563,0.8866438558524603,0,actin,527.2359692104764,-557.6487632604661,8.855910054637075
1223.6728795811173,424.1551297331278,149.48678878848497,0,actin,1241.5808389167098,433.3655137539515,161.74805910433562
-604.6280107276126,820.2768204890489,44.0423776412028,0,actin,-616.434897461643,802.9453724347387,59.88582432876872
-586.3553570159468,-477.07924397105694,-44.34542073759436,0,actin,-590.6258501847395,-471.8138900678431,-24.77698981604252
139.42533981812335,-721.1762085319745,-49.938775906196454,0,actin,142.0488887302227,-731.319832259588,-31.928300489858778
393.7193724613536,-666.6162459445325,5.850125087430097,0,actin,379.62434137904825,-647.1059369500233,-7.64166036914953
-295.3047963447371,-698.9048477917622,-50.426501044527846,0,actin,-314.28566445998973,-688.4466215323375,-42.358037117053506
-225.61367387134965,-730.478565416691,-36.845958550032705,0,actin,-221.84769986216966,-718.5130777069066,-43.532003711376355
1242.5288618979637,465.7021939231669,175.3328523625963,0,actin,1259.4088633004312,464.1335879123189,169.41269634944933
-125.41954117521306,-735.9447766909855,-30.865063028043927,0,actin,-116.95804604518379,-744.0967575028563,-39.421835508594484
134.55116015231278,-744.1821398975973,-35.06153698810893,0,actin,150.9924386208579,-725.3871681088287,-27.002282165763948
-275.41733652151794,-707.8505039439133,-55.56041010815952,0,actin,-289.31740408049143,-699.611641031104,-41.62498414358078
590.0138690024532,-506.1560333071527,3.726427011408628,0,actin,583.9411358742449,-511.4066278323258,11.83393024602793
-752.5942513126532,329.15607564001186,41.41391470777842,0,actin,-766.1999872043194,329.8728890360894,29.822064718973074
1076.9494758623164,117.8803578562277,103.36576484497164,0,actin,1089.642591506563,107.49543685142775,116.04870373875906
-771.5871724789896,-27.372612420809517,24.070350248976823,0,actin,-774.2768810433432,-43.27106346348832,5.485711603146135
-656.7597670058482,-405.007347400918,-34.56329761165135,0,actin,-648.2227565436707,-391.96324750086256,-19.505617787176337
-70.14581973090668,-738.200449789244,-48.1218947740261,0,actin,-88.5477512378459,-742.7670110452697,-35.905500020725036
348.39236865751934,-658.8510897880166,-5.984552163315776,0,actin,349.2396763839142,-662.0399390619735,-16.272369189258676
-283.8650099344959,-686.1632942523164,-26.81488711022552,0,actin,-291.292796094333,-696.4403640869518,-37.34047993637515
-664.9363837486146,727.38555201404,77.58897529271954,0,actin,-650.1364156816732,739.2022632883641,59.310030745605715
892.4409051017192,-202.05854639646398,43.87616822985195,0,actin,881.4381641260179,-204.12910267983418,63.57739935635681
-26.60106449665352,-761.5653569128073,-41.41330331217904,0,actin,-15.81519259883252,-744.6759256180618,-34.54822753683036
590.5758135498467,-514.8198464516192,6.693309875007966,0,actin,571.2520414764404,-523.0895267728662,8.730641594601181
-782.7649578911621,161.71930286398,17.120783592341,0,actin,-787.4004662229372,162.55004980405135,17.651737663086344
-158.41146681335377,-742.1519941204934,-33.2487214322439,0,actin,-159.83379561821621,-736.4861706818026,-42.121265150997246
-699.8760770232899,613.9891793239455,41.87537993629381,0,actin,-705.5527805898871,597.3860412524305,49.24605075952276
443.2686628250559,-600.02981167813,-11.310881228900278,0,actin,452.8545787680414,-608.0156468119844,-5.208065898756108
-744.8124378292383,434.8575080161506,45.81840240387812,0,actin,-745.0742317103834,440.7886197010054,40.59739230732948
44.13447937540677,-736.597928422546,-54.838331522928144,0,actin,52.63098344310604,-745.3852947302438,-36.27686446047591
1150.3528781180357,205.53871567660093,145.5331742722969,0,actin,1149.7310705577204,220.64100210252892,131.30871098182587
-791.5916605745107,265.025403277203,16.88137471634483,0,actin,-777.5504154169961,276.3220590475848,24.05929293545165
-540.0935472655683,-525.407067704101,-18.741082202523366,0,actin,-548.7003369544383,-517.7829029350653,-28.173378869205862
-794.6160487846442,173.0611990213344,3.851204461858,0,actin,-780.8156877865126,186.13473359113723,21.72872675813855
1206.6957328905626,332.37813523081866,158.74521066426226,0,actin,1191.3847693309951,318.3857960544717,149.3253003060482
540.2535713005722,-544.2388936140118,2.5154393372960415,0,actin,525.0180869265567,-560.8216848622111,2.941017834443227
529.6250835060187,-530.9138218442145,19.383507644914424,0,actin,532.8086988788839,-550.0941853162361,4.720208623976054
-602.8911232421768,-478.6253276197965,-34.223825374753524,0,actin,-593.8768404250527,-470.00532006172415,-30.214406815416904
-552.9940484758843,-524.3586729617116,-34.04492416161084,0,actin,-558.5107535718365,-505.7634276313502,-28.02099857530038
550.9509215308735,-522.232294530007,23.38173926409025,0,actin,558.1033343069524,-535.220622977066,12.79607370829578
669.7958689319667,-415.61294592498973,36.65403399189903,0,actin,689.2472628689368,-426.5542379634128,26.09254562809954
-764.2760312194715,35.35926999328545,18.030534116823002,0,actin,-779.6259666729665,30.847860385154746,11.930555661295362
802.404362146649,-323.34203779627313,50.20557648351377,0,actin,797.2667098393514,-316.04931800230094,47.30886107100254
-161.68422123148557,-734.7790443502718,-52.635054957823044,0,actin,-150.48382526111217,-736.5600735701419,-36.90379149750204
-735.3217607148453,469.4288500275961,35.66206248892989,0,actin,-742.5333505630072,467.8143764636015,43.156330504444334
-784.7438399803951,136.74917817375086,22.658094169723263,0,actin,-787.1722721467673,123.11386470235558,13.726900774130321
1015.4654500197845,13.762565482123089,91.84180817291163,0,actin,1030.2774177064032,15.31662384457656,98.72357761015338
924.3165788531131,-151.90767498993452,60.2371460420767,0,actin,923.9361087242052,-147.72657813127157,71.39726661786467
-222.97127460639956,-734.9356753123963,-44.00366463739632,0,actin,-215.59065397299904,-718.7434760142385,-42.54105631179447
-455.4836681448065,-593.8242144148657,-32.960431342241485,0,actin,-446.66810042722864,-609.761114959129,-33.55200907709108
950.2440883677407,-80.47306040913008,63.63484518565201,0,actin,958.4047248332602,-97.4362254104407,82.2716695411491
-619.048981490956,827.5485789560113,49.6387540782939,0,actin,-607.1370929227298,827.444426931277,61.580776457362724
1152.2592872586608,185.95483750181833,117.89040206358544,0,actin,1135.8676211751103,197.95054298677434,131.0051103912136
-421.32737364223846,-604.7673903897398,-33.15566767542237,0,actin,-436.0711471780578,-620.8483775318442,-38.00258472032348
-779.1305302536978,36.21601167099776,-8.852030941417956,0,actin,-782.7650297005047,19.410884567119233,8.524446871024965
-773.951344676379,-110.9814900274688,-6.081029693831699,0,actin,-756.0358263722194,-127.89444657545728,0.20303626755198145
85.51922740918144,-722.5798610076437,-38.511891424288336,0,actin,104.64100023690877,-735.2765929539762,-28.517880536573188
-786.1493557655102,54.11456288950359,0.6640893862936093,0,actin,-780.9724527846773,72.66952372260036,13.891501687607336
-775.1951913582359,-32.53273826779723,-7.743192453377614,0,actin,-775.8882807236281,-32.36442190898886,6.315946994729646
-707.4641902201056,574.5147126294872,28.401587222731937,0,actin,-710.9532459296976,569.4294041615289,44.416066041480796
18.386893162108976,-735.3174365000065,-24.237938364662405,0,actin,23.177667316775107,-746.5719304817359,-38.0486503784258
-602.779907515296,-448.0660389965671,-22.285499377066436,0,actin,-598.5119784711595,-465.89224771309637,-26.210905208629303
-727.3348453488522,437.34185086150865,44.66742632676367,0,actin,-743.4133190058529,445.16294891925185,38.246551316883846
375.0396388686886,-661.2046353376526,0.018625931596922385,0,actin,377.12301731032994,-650.3569276491734,-9.705533347692743
913.8321297472747,-168.66924123344975,79.11676784428988,0,actin,908.5964007575607,-177.68306359796426,70.42535037687519
1230.0410183736271,431.83190958958426,155.70581252929486,0,actin,1240.3222487088017,418.26446069889215,161.74434992601562
-353.5177410380815,-651.2239730608829,-42.338020602130925,0,actin,-360.9276326449808,-660.1229557832932,-40.391534614199585
-760.4039168779726,260.16300026954605,30.1634434175585,0,actin,-778.1043553217072,267.5887270659241,29.343711497716107
-440.2649470931352,-616.9556012474852,-34.35434926160221,0,actin,-446.02517405510935,-613.8515755716456,-37.34426368954549
-215.98390503694475,-741.8301390782474,-19.797699704877594,0,actin,-213.8691389028832,-724.000898402279,-38.39515330891961
732.5318225350562,-378.329504496974,31.693391974922136,0,actin,747.9915294449806,-364.0730224691083,35.42139382100694
859.2244254284375,-224.77226915147014,43.58410889163022,0,actin,860.1148473319358,-241.18502241920416,58.074731605621984
-746.609019752372,-138.6060861185125,6.546793235076239,0,actin,-753.9665840901373,-123.36690764796647,-4.715713547655055
-232.92325785997127,-711.3498248585826,-33.751885924372644,0,actin,-236.25014776248955,-713.5360125615547,-43.258547775751495
-442.56030070760283,-602.2320616232389,-18.44397485877728,0,actin,-462.4415455670782,-595.113000303879,-38.197903620148296
698.8560871081347,-391.9542625577127,35.47346156245509,0,actin,713.9792559365294,-397.93547515304715,29.95441538793169
-625.796499159062,-419.79398115316,-42.98966401229915,0,actin,-616.5616483865929,-435.6969568247825,-28.418063285334963
133.35483055069713,-717.5619584475372,-14.687561533853135,0,actin,131.66115125620823,-731.4244558288659,-32.68412520540091
-560.8561853301226,-496.9475561270007,-37.671171286095436,0,actin,-552.8649473804982,-513.2141922366171,-27.904328943013727
-700.6589127521829,571.1815758829902,50.24473230502946,0,actin,-706.92474772288,587.9889044652034,45.89221543485725
452.559643154519,-620.4864893141798,15.733998489720072,0,actin,433.28260178866805,-614.9746965185736,-2.333789637394453
237.1361726000539,-693.3468355825838,-0.12224293417315835,0,actin,235.6852461827456,-705.2743404439146,-19.716454586386426
1230.7810704505305,387.12338391485065,157.69387576045685,0,actin,1219.0956471804511,373.58376474625607,158.20327164221575
-628.3577828327399,-431.40416273893754,-36.35207082041481,0,actin,-630.6696329114885,-418.80698353899646,-21.305416155782236
542.715804227158,-544.7521519811303,-6.61231102575926,0,actin,552.9021089043107,-535.1384075696103,10.876184681933681
850.1304752248395,-239.41821664924777,68.37229533552802,0,actin,850.2891821105947,-253.53010008435334,56.72645366864338
-273.16294402957084,-724.1628319298344,-50.57116883734422,0,actin,-262.36442837665555,-705.5518282425699,-37.61982372091073
-644.5414135813736,-378.32007750032733,-6.949257640616636,0,actin,-648.5846357080912,-384.28201945161493,-24.026543902818766
-747.7660692747444,-205.94592444144442,-11.23692668421105,0,actin,-735.8726846188297,-187.26079463766172,-8.689038687952873
912.5146481896842,-177.45659199574544,53.531218568246686,0,actin,918.1703068443229,-163.84248854065908,69.0584517106596
-348.38548681239183,-656.3638083428946,-52.0039824264542,0,actin,-360.8654116665897,-666.4352242303268,-40.9495173365501
-773.5167201648858,147.24777582678004,-1.1933473358353694,0,actin,-783.5374251946845,146.7499405339047,14.71845975148004
228.4875996157085,-700.5758618582074,-32.994901005315356,0,actin,238.30820762721694,-701.3581876110006,-21.592318261692125
713.6611921953532,-370.33679353997684,55.891516509861106,0,actin,724.2371823258596,-388.9747438376837,37.47270238742337
851.9740965116306,-220.4629361608392,76.28537179956197,0,actin,871.9438907869283,-217.35060625371023,64.02181734265693
-759.762781720055,-114.7069580147406,-21.337559832015533,0,actin,-761.172012002569,-95.76055124147209,-3.302877964147689
-578.4530840379617,860.7986710996206,70.81185639595338,0,actin,-594.2316500683031,856.2104441535294,67.05764315946548
430.3432653524237,-629.9156169417103,16.57120846027456,0,actin,444.23214672022164,-610.1577727084504,-0.7294001683437759
-724.9040731084575,-213.7561642253357,-22.356770280701284,0,actin,-728.2803101588726,-228.24859395795536,-10.728705119201745
-771.5681235340459,281.1001949303498,33.19402676093169,0,actin,-776.0848885459515,292.9790231649189,25.532527895685238
208.02257809230062,-700.1607027888177,-18.619900538211745,0,actin,211.30668764795197,-709.6041137819853,-24.06304504481399
-101.61473001174315,-731.0377046735887,-31.215239471327607,0,actin,-101.30144376165363,-745.4439318896178,-40.68440086064759
-798.5089339560182,195.18132320408748,26.60926996232099,0,actin,-783.7523536885279,206.7524737960396,19.063643274627303
1081.8979444268186,114.23077020174549,135.2522578985902,0,actin,1097.5080951419372,131.74410891851016,119.44153299446444
-332.94422744497416,-667.0522085627606,-48.80615889252036,0,actin,-321.69788595222525,-682.9265479132149,-36.925409766215175
-709.7075545402281,-255.20846467161942,-19.64873788804153,0,actin,-707.3202096112982,-267.19568715462907,-15.092625722471338
-277.0600034108172,-685.6059096362945,-46.64872606219315,0,actin,-270.8212405569901,-702.1422318184979,-43.301914297208825
-537.9365459495898,-534.9668467808948,-31.596035948500116,0,actin,-525.9641688438073,-538.3446626128914,-32.980409460246705
1194.2997324208065,310.1055813944002,146.9726224430434,0,actin,1185.46067755004,306.9816514114829,142.46873439256035
287.18103891054335,-685.838908402791,-18.359117257613555,0,actin,293.2394349498632,-682.6877167386098,-20.74147051516726
-728.6308099370947,-203.0627077061888,-11.315789095060765,0,actin,-731.7527287807238,-200.3841485641505,-9.774463020169605
-606.937195108264,-436.6991667126374,-30.10796094011864,0,actin,-610.2196693142722,-443.2188251063894,-23.190027370618242
-770.3903093315145,-139.2964466105246,14.24821226629422,0,actin,-755.299971761885,-120.01387000980817,-4.869087902506285
-708.2913495178694,-307.4006018732886,-2.2569322150838147,0,actin,-699.6637258849639,-292.9110893852114,-18.04426715656256
25.29061162479663,-725.8975265220098,-31.93497760277861,0,actin,29.567047185522604,-744.4539059118939,-37.72852849847513
-765.2204869289479,-171.26085202456036,-7.541592853054638,0,actin,-745.4469156323921,-161.0349037394994,-8.219787886540487
-773.1338264372952,355.89273225825457,41.00022985240934,0,actin,-761.158764812757,359.2991620389244,33.113495286785586
-690.6544459729515,677.9030212102513,33.90284537730201,0,actin,-675.1348394154203,663.516639160646,52.432898323707185
-671.1303939420413,662.9862840651733,41.09420517330868,0,actin,-667.8493267213149,681.7501958906979,53.8235397463365
-148.75273676060146,-739.2258228550514,-37.00738028431838,0,actin,-147.07752743568392,-735.0088669105626,-37.121118945215564
-690.0902231275318,-261.5267787957934,-23.291242609303886,0,actin,-702.8319971068968,-276.2912012043148,-14.293430522807164
-773.1974009877199,280.6100197567265,38.47907419902714,0,actin,-779.6109779544431,263.9686354709083,23.554727346653685
594.6877287063292,-492.0099326012495,16.614675550028238,0,actin,597.6026370132685,-507.5579353171478,13.524250705388477
-718.1901381025226,-275.08531055755174,-10.059565790664056,0,actin,-700.7337831487013,-289.73483288592575,-17.87653452194144
858.9510790561425,-221.59192563962802,39.08998924583823,0,actin,858.7334159631972,-233.35200437918738,58.5647149786066
-363.25245144387026,-672.8448078326999,-45.613144887337725,0,actin,-376.5995647317672,-657.2836857930712,-41.191810725143
-639.0894016566249,-357.32879693281654,-5.135572743425747,0,actin,-655.1371638360126,-376.88036201651903,-24.26702834346419
-279.22256115859756,-708.3078319870173,-45.71919061946154,0,actin,-292.74919167744775,-691.8907278317586,-39.77974278995484
1175.5509815204318,263.44613494945526,129.16380489662146,0,actin,1170.8007825294496,276.72426496388897,138.2064619683422
-762.2109576230217,-75.80278765498821,-12.811643123011859,0,actin,-764.6977913738193,-81.80667042248471,-2.436033828324368
58.635449503308706,-758.7277840010532,-38.01952244203866,0,actin,71.66511623049401,-739.4437283901974,-30.531852407759697
346.78552073400095,-673.9056404971947,-19.538029501266934,0,actin,340.3542959744351,-661.3030723938897,-14.294726266288004
-25.611046820323054,-757.6164406313451,-49.48319189329901,0,actin,-41.18047417558897,-743.84472292794,-38.29180823541148
-711.216412608883,-264.88059549591077,2.6995119933825187,0,actin,-718.5221838057519,-253.61550116237927,-13.301188953437343
-613.7918890893866,788.2620266378281,49.01786843363453,0,actin,-613.1463054040563,807.0853312595223,60.872087143386786
-770.6767859093613,-5.158679466701312,-14.557070255633963,0,actin,-775.2413706929938,-20.727953442336773,2.093558325321496
-604.0101152877841,870.0908513257567,51.7475252838985,0,actin,-591.6655532661437,860.8531366836909,67.71408887071101
-777.8033420844135,180.88947530056888,17.342036742505208,0,actin,-781.8449723318523,198.5523820337576,18.4627077441711
-223.42877332917715,-725.5240276782606,-36.60974203533645,0,actin,-210.282641140835,-722.5281535753008,-43.61785692123986
-635.5732353346375,-387.9853070654526,-7.576782598241536,0,actin,-642.9339206904777,-395.8361933193794,-25.536871808346568
-741.7970007196388,-157.65152679676606,3.2552517059765655,0,actin,-745.7077872859287,-164.72584761160684,-8.6214189462051
-734.4782400926562,511.4969777615895,62.2026109307542,0,actin,-732.7226435371447,498.0856792391478,45.676718516484314
522.0612442667139,-567.069386949455,26.78031853784173,0,actin,517.1064388368326,-565.0647975587854,7.514545913052842
-389.10196963621866,-620.6379275775225,-22.174220564351288,0,actin,-407.96621722580306,-633.4186720664952,-35.80417432489697
565.9550393022089,-531.1972772854635,-4.531882478830994,0,actin,563.0955075969446,-527.0001927775847,10.203362031406087
-581.5921020206121,-451.89333464920685,-28.886662976643404,0,actin,-596.3263504480734,-459.9928236923655,-29.055098099865408
1108.977057009928,170.44239710391966,124.80343473510132,0,actin,1118.1268126459574,171.09229589687357,125.27480192468991
65.8712296816105,-733.8383285649544,-20.856905291919638,0,actin,61.87398979067506,-739.5757923709294,-33.9736920377195
-766.9159872692737,221.56225179886314,21.6170228348597,0,actin,-779.957783063551,222.37606605180116,25.779059646216687
938.7813563739873,-110.19661709844277,83.78226814389913,0,actin,943.679752874074,-128.33393697056417,78.74885647228753
151.25943420484725,-740.70447367819,-18.417528353753376,0,actin,134.34885069152025,-728.4651404556286,-29.35013034921823
-789.5082643505394,-33.39211337733682,0.9836096524162556,0,actin,-771.7162667362948,-46.2014730534238,0.21650846650621958
1071.539987122387,110.3988820571749,116.68275137500532,0,actin,1080.6608239159857,91.82442612883322,109.19609648817578
882.7522090447312,-238.91945913199282,72.46479072105964,0,actin,870.5054871859038,-223.13789769189347,64.5650205872555
-760.36514494243,254.2657855413421,13.592647097421,0,actin,-780.0250242387573,247.43716414519045,21.827634367153987
593.6586931846927,-509.4368783673632,7.247592898014748,0,actin,577.1766059747764,-516.816096296625,10.761566215872616
-746.6421950642346,-86.38227794454319,3.491940150096721,0,actin,-762.0810312844723,-92.72692374509003,2.8139886153751132
-573.8626571881662,-499.527257330491,-45.439530775680815,0,actin,-576.696229631491,-492.6778781712034,-28.098827048586763
543.3176268919773,-564.527649308037,26.5285242751432,0,actin,537.1790579687455,-549.8397014127687,10.19499052141165
-782.3680982769448,272.6832017176281,49.887068582264526,0,actin,-774.2961309788362,283.93266933125204,30.38085455357514
34.40407090417749,-740.1756158093318,-44.46544236917008,0,actin,32.99137776151948,-748.2655401530793,-34.904744282764476
206.7336405786172,-711.2574311491811,-20.137688819802,0,actin,218.78833264340528,-709.2678633388516,-26.866993556874633
481.45793058128316,-603.8944406825984,-20.80791404037231,0,actin,463.5017079199383,-602.5408996184364,-2.4722175538868267
-737.0602324888363,432.4329668289005,35.98307834048956,0,actin,-747.3528809522711,450.8063695388396,37.00677080546988
-34.0456298141291,-738.253208843514,-21.30032487961555,0,actin,-25.233993358840628,-745.5787489936993,-39.59109568260257
-743.3803089490308,511.6595791101772,23.95133357635568,0,actin,-725.0427226302766,520.1510487728431,41.468748768404225
-743.5659369191084,-202.32084305502798,-19.1537593181406,0,actin,-730.9981446414251,-204.0166266269851,-6.404132184598888
-775.5801463491796,-113.6819990024515,-11.12191509587331,0,actin,-761.78727560527,-106.89903508477465,-3.7200580363485827
337.7892608920789,-692.5239113546127,1.6217458459644334,0,actin,318.7121341208905,-676.7015884398542,-18.325651533275206
-749.0517021081796,345.7540148339008,30.560201203249328,0,actin,-765.7473799287692,346.8091105652003,35.02880762459617
870.7530615042158,-225.94509369876693,54.956553729811866,0,actin,852.6494946219481,-241.74654108599108,56.30957174779378
1024.874164927786,-29.259286188669144,92.60128327625159,0,actin,1018.3065435341462,-12.641807997242545,97.89039936360709
-365.3848856200439,-679.6024159397606,-54.76036086737978,0,actin,-352.8729972696811,-664.2071096627545,-40.07801616434667
902.6767420440685,-191.8814899450747,90.44956993385705,0,actin,910.6304794755281,-172.6354139824794,72.46419474306356
577.3009334539049,-536.3469515335179,10.61380211463138,0,actin,566.9175321152569,-524.7101333295777,9.393032477525246
-775.2035502997816,-61.02340310399481,3.275835272373947,0,actin,-766.2537578336533,-78.8898355262863,3.932138745836568
-752.6567427100794,-145.50489207589226,-16.333887742734113,0,actin,-750.8679440990851,-155.38057456931,-6.243649629201618
-494.448167926569,-553.5710262024824,-19.808661255415764,0,actin,-500.90258887759165,-569.9415810640861,-34.86822515441806
-745.9121976119286,398.78413065620254,51.896542270173896,0,actin,-755.1539493755905,416.06805419788094,34.451826048840914
387.2291212507234,-642.2819671139142,-21.274449326432304,0,actin,390.1657420684884,-642.2438160702111,-6.845419600440751
-175.74752714525593,-748.9182411979854,-45.21601216654019,0,actin,-177.73125503258413,-731.2459979568288,-37.254333060180464
-23.238257948920705,-740.7364801197106,-52.56225930402662,0,actin,-9.173333672803272,-748.0911229507561,-39.197092086839135
-724.0211104090147,535.7910353865465,51.907459230516345,0,actin,-717.6894520506713,541.7989573638837,47.4805715787191
1140.5664526223125,158.88116345149672,114.73059079771662,0,actin,1120.7784064523776,177.24214173266336,124.13991461104375
633.1834712860305,-470.0958666457521,-0.8100297333147495,0,actin,625.8662419964922,-478.8984693721523,16.343553044201368
-679.7672659619545,688.2629147495361,62.0804148747897,0,actin,-661.4292913481395,700.2747662894247,58.73186575251224
500.1729625873883,-561.3873922923782,-16.808277699360183,0,actin,491.10044453544805,-577.7665071007956,1.7124744906695653
-175.18355019733917,-734.9124521701067,-47.05308910793613,0,actin,-156.20963793553082,-733.961961964759,-42.99475815137989
-752.137283841703,-138.270619182607,-21.464757441194905,0,actin,-747.5490928028507,-147.46036221269043,-2.48187828840996
-531.074828454466,-523.1816793148489,-47.72207589131477,0,actin,-543.6400415841972,-521.4262330499441,-29.321699571642917
375.44990044410605,-635.2911668291931,-15.502940029174063,0,actin,361.5264314792305,-652.6255520207727,-14.573180446406788
539.8269522662591,-549.8850705888105,1.675144645787043,0,actin,530.2803158517678,-554.6843464171133,9.330795449601645
-20.51419419763632,-748.0114241742266,-23.797367769445643,0,actin,-12.616548152023498,-747.4979758130313,-33.36032453706205
-746.9958482617471,358.99397216235593,15.030412757326285,0,actin,-764.0392660953253,342.39297024083504,31.880287049830308
-646.1030632762302,785.0667564569974,49.83923693378573,0,actin,-632.3515994875369,770.147988429767,63.78495673043963
-784.1693145558542,45.951681280132675,17.571894455132377,0,actin,-784.1153808075297,34.45417888546368,9.482125829052617
-769.8728242172078,328.9814060312558,28.1133625973022,0,actin,-765.392440764927,333.97697098736865,31.18674063850409
-464.2802242477355,-583.8156121358252,-41.45428080011067,0,actin,-480.3333597622593,-583.7441502733989,-32.047972104587636
120.43155769641972,-749.1884562261375,-35.0192201071405,0,actin,128.28897427865434,-733.6431883993968,-26.88178183304781
1136.4651716318288,226.08381880808003,119.00699218548769,0,actin,1150.9615423869764,234.2066556319022,135.9834263427333
-800.3668648756308,82.82739695734557,22.657689811743573,0,actin,-785.8360562026609,64.76722611561401,13.010626069448195
-333.8432105982714,-681.6879512386358,-51.36094922677093,0,actin,-316.13384261705215,-685.1026252758322,-43.1945364611365
288.1875886126307,-662.6355086671687,-6.0892007332195845,0,actin,303.81161328140433,-679.3306957652408,-20.318876631005445
-769.246006787891,-1.6510400853175948,-0.7922724214279597,0,actin,-780.5857832611158,8.17175788096032,9.695882049132294
-784.4702489406117,29.73146498035785,8.450954681011567,0,actin,-778.7076998577484,42.410162246789895,10.903410267573822
-125.93365504176354,-755.9157091013559,-25.362890792832722,0,actin,-120.04541458211322,-743.3547779675823,-37.9933140305473
-616.2303825147674,781.0477222973503,65.30512200670417,0,actin,-619.9662271128507,798.8898861713661,59.46794112181878
-717.0822428577134,-212.8435022485943,-20.172423345844575,0,actin,-734.5686454875548,-208.54726888184456,-10.51882125608319
699.718081254869,-424.86649631081247,38.27878428966571,0,actin,691.5507674376714,-422.07659736246154,25.874196564455996
-738.5783415423463,-133.9693386956286,-5.414057591288173,0,actin,-750.9399663859563,-133.81414324350715,-1.6259627717452492
1152.7656220047077,205.634797978076,141.2737889328148,0,actin,1135.6519806532456,205.55597019261944,130.3939969224638
722.9729491761206,-405.8291638561837,49.69765860730867,0,actin,709.9166279452894,-407.5051539531655,30.068764056415365
994.8247899888836,-43.48571750011804,96.85409797247445,0,actin,986.7334898323658,-54.52221740541067,88.81878424137815
634.7221280622532,-486.1950874592215,20.49065335812905,0,actin,628.3186985518707,-475.0758825248737,17.972420988367794
-352.0260073400562,-646.318067819273,-57.155902212098674,0,actin,-368.9996596838442,-662.4599853292716,-38.38132979920394
-790.3032176989424,9.96710699638992,-6.237768628808894,0,actin,-776.4839035434243,5.22875668383388,4.523539904558524
-569.0076055598059,851.6696909579271,48.51365143227196,0,actin,-581.853839913463,867.9523828618052,65.30406471962095
905.7024058469713,-172.73321325402836,57.91498791503535,0,actin,891.3557294465835,-191.3919793848167,65.04177414589233
931.1366342874287,-137.63280391590152,63.17099980975061,0,actin,949.206767915929,-118.68263173377768,81.02657788226381
-497.9663574296322,-542.9433916361752,-19.901637610427432,0,actin,-516.9475247591186,-551.3259707434851,-30.050235523214674
-744.9844555176358,-131.11622039185463,-9.940040168538353,0,actin,-749.4789142988477,-140.72913821998026,-1.7576744902296264
-396.9214553946905,-645.8825272493467,-24.384955635070703,0,actin,-390.34592924920554,-644.8098939833386,-41.118887532751536
-717.9615478409941,-281.5250589123308,-21.367366150570362,0,actin,-703.8014079857455,-287.81645541682,-12.629011286820386
-567.0528885498385,-471.06697563025705,-24.60986475571617,0,actin,-580.634352024055,-487.62509964575776,-30.448956519830666
-740.356803062928,-220.12523966218203,-30.925170743041075,0,actin,-721.4403601109849,-240.06895482247882,-14.139015993767398
-235.14190378591965,-702.6606343043605,-39.035966064266546,0,actin,-230.64924043801057,-716.0041548021678,-37.607154140891495
-625.6175230165032,803.0580460124046,66.11460609584509,0,actin,-626.8321370554223,790.445062459064,62.55175534980588
-649.8862086839979,-405.13558103090463,-7.143589727520531,0,actin,-632.6183016090546,-408.51709784193457,-22.0869555112326
-731.5432193188404,-172.26746095798705,6.308188614539992,0,actin,-739.2309423790907,-180.963392555366,-9.54566546461439
229.11504393152228,-710.683173726829,-9.590909638615567,0,actin,214.76611690226207,-709.2628554254902,-22.33821144071688
-765.7995179152845,-3.355208804424393,21.20457551867243,0,actin,-778.5977496327134,-17.65999119996139,5.276772219516038
-126.34405173101966,-742.6657044695592,-47.11264798269437,0,actin,-110.70500376980121,-744.1880861261545,-37.272371655412265
-310.17867620928735,-679.4393034950688,-55.092436652699014,0,actin,-327.0346913094882,-680.073668697356,-36.84683188225515
-187.24139502523036,-725.9961548485765,-33.272618893819796,0,actin,-189.34624067563817,-726.9257007594134,-37.42074531520982
-137.34145060962237,-739.1869454341897,-54.247247275988315,0,actin,-141.36325952902556,-738.933873274882,-42.48997447814669
-777.7134155475138,175.1772926442042,25.91676217233787,0,actin,-784.9702270785662,178.1676859932219,22.793329303712387
-653.7362843057831,-355.86382498965884,-33.057994419107274,0,actin,-667.6755189613826,-361.8711669307346,-19.727005501267133
-649.3005597338444,735.5844219452099,41.96140974619705,0,actin,-656.1984069504756,725.3811803805131,57.5363724164706
-333.0956686340555,-657.2790509093854,-17.958905982503595,0,actin,-348.9745434212599,-669.9667266977791,-36.47517480918508
495.1974888488401,-567.5776388049215,8.477888001575197,0,actin,511.7520988673658,-571.4356769123566,3.522141830951194
-738.8029996362023,-225.40243845395264,-8.805757030427353,0,actin,-730.6036396626972,-221.85162702376024,-9.649321127640933
-260.57261708479047,-710.2233060092269,-45.31625444236158,0,actin,-251.80783806890693,-712.2387585834464,-43.021757639169344
-55.30399894739233,-768.2851554116355,-21.413925426451584,0,actin,-57.252109861791666,-749.2050503066388,-38.72870424349277
-748.8354346453954,399.282201831752,58.785158978403594,0,actin,-755.64569609663,411.2999354789553,39.26412770573913
1160.270797670049,264.29883011314996,141.3669295619975,0,actin,1158.8591421137041,252.86707767938327,135.32475300398664
691.4603143886186,-453.13554516619297,42.19023688775123,0,actin,672.7868559292623,-443.3083016032717,25.785442334751735
-67.7554491470955,-744.818945854039,-26.484902764952672,0,actin,-63.40674834381193,-746.4815783485792,-41.101277754726254
1133.259262375891,201.11973766415812,123.80568676047005,0,actin,1146.5211376620641,215.1250651990805,129.21164438957766
-764.1808359797311,356.2836043623821,21.321747448624635,0,actin,-761.5357978028998,372.76247975883007,30.741547013996353
-678.176436634714,623.9991597777847,34.41309205835127,0,actin,-695.3523939354315,624.4329319855187,49.188657590415254
-458.02671449180355,-631.0391865154503,-26.85302956001444,0,actin,-439.22775793978724,-614.9905254163594,-33.8435886271875
-495.2441079835612,-573.1572777595393,-49.02015501173785,0,actin,-503.8922031114433,-559.4466742383863,-35.08809917692696
-652.4425256901726,674.2117430840948,66.42379658706011,0,actin,-664.1954841014474,690.9378196272861,54.308765554200995
-592.1344478505086,-487.6675363078183,-30.370259312405373,0,actin,-582.3028969624447,-477.01203499985587,-27.100950722384265
-691.8397741651983,-321.3891609828231,-32.228470603045984,0,actin,-679.8977505930317,-338.7729062432799,-17.165270827630955
265.1185397345172,-668.8069431935792,-22.03578187952977,0,actin,283.7937309095881,-688.5370265540397,-22.194023375672312
-406.64033765464404,-624.5425389806878,-40.890650442687246,0,actin,-425.53077241253925,-627.1301621639592,-35.306668232887034
-117.83135106938218,-759.8143232635994,-54.99727936545058,0,actin,-135.2985664407204,-740.3622989099513,-42.07465821711313
56.361787358269254,-733.1738402838382,-33.77273265747827,0,actin,68.90129073481503,-741.9801652392019,-36.096803343844094
-740.1486809866758,-110.91169289029708,-19.087336707946875,0,actin,-754.8267346733159,-116.38022265964122,-3.0422120031230184
802.4316553727834,-288.8446672190113,43.27699896841265,0,actin,803.089266680666,-300.73371932783505,47.03337652720913
-303.87673272512444,-697.2374422825661,-62.61260853378364,0,actin,-308.3643335648147,-690.0140656384064,-43.046254944197756
980.931254672953,-50.38773113679651,100.69945150136769,0,actin,984.1458053303448,-59.93434875381624,89.44148366437484
-91.4783796772965,-762.2429811666515,-30.565957318552762,0,actin,-79.05797141005638,-744.0364999671598,-41.46783871554439
-579.2799126769287,-475.0245594665653,-25.528657846489583,0,actin,-581.4406387347718,-484.51612143421426,-25.861637625807614
801.3627422623897,-284.2560118815555,67.12336628979776,0,actin,813.781216092977,-290.60975311763815,53.29721433153451
-517.7118549242431,-552.3952523805688,-18.857433949409334,0,actin,-512.8011228653615,-551.2551783350386,-32.009856551748996
1026.3649039515649,-4.722717504876869,94.53232150906356,0,actin,1027.1627095180845,10.200066370423926,98.1455735680259
-795.9066062954382,270.42939472082463,19.92966584856614,0,actin,-782.1070596166986,251.5292513900311,25.49599920125566
-180.01324905596903,-802.0111161580325,3.585275044376992,0,noise_fg,-120.04541458211322,-743.3547779675823,-37.9933140305473
-379.32782137708875,-718.4188119229887,-94.29429148527765,0,noise_fg,-321.69788595222525,-682.9265479132149,-36.925409766215175
489.39399769865355,-582.0743120552212,29.331783208620855,0,noise_fg,552.9021089043107,-535.1384075696103,10.876184681933681
1210.8904733976856,426.745972714347,227.9470741855048,0,noise_fg,1259.4088633004312,464.1335879123189,169.41269634944933
718.1794493740505,-382.2944677249646,-10.45675913658934,0,noise_fg,692.2444619680849,-416.5995483406863,29.744030718681405
-264.1817971040253,-665.3959286485942,-91.23123154535472,0,noise_fg,-219.05159200910066,-719.7583171885425,-37.493279321332814
-202.48944487023022,-682.5539694473305,-84.691165925785,0,noise_fg,-227.3125916988405,-715.4739349046204,-42.65338012013989
-844.9561504123466,187.49416101017906,49.29498763314734,0,noise_fg,-781.2754661318094,218.3652388939892,25.844146449311918
-692.2687120678984,-403.0825611654051,-42.63923345450084,0,noise_fg,-662.3995671351357,-362.4054574873995,-23.00617561116183
-176.74865922637525,-686.6023957702271,-108.7206610018641,0,noise_fg,-141.36325952902556,-738.933873274882,-42.48997447814669
297.1905278841216,-736.605726688692,2.549099537361087,0,noise_fg,255.31524501689765,-695.5253225725609,-21.9091689704014
-699.9991086152808,481.0945219206915,89.60720104697816,0,noise_fg,-743.4133190058529,445.16294891925185,38.246551316883846
531.5767603027597,-451.94191595652154,78.71621955445525,0,noise_fg,597.4572658999372,-500.4012365818076,14.060512522469114
-36.521748528326526,-689.5336978678196,-78.29495140611817,0,noise_fg,-91.70735456900402,-742.897023578448,-35.82210877001085
-66.24831962955125,-714.6734591039552,-86.94416674577673,0,noise_fg,-135.2985664407204,-740.3622989099513,-42.07465821711313
-187.9619237230127,-799.8798613174278,-7.69838863231292,0,noise_fg,-163.00303390198576,-736.5038664509389,-41.12471502487217
-721.0926055547789,-87.53366383620556,-53.904559586026345,0,noise_fg,-750.8679440990851,-155.38057456931,-6.243649629201618
-735.9577028484423,-11.460151090586557,-44.782074434732785,0,noise_fg,-767.5254848069613,-53.02010347616955,1.2436825283385038
920.8196616566927,-40.88363785159213,37.09419980820624,0,noise_fg,961.9209092511641,-92.59608201856636,80.56448938781693
-600.5959375743589,-355.89451826345487,-72.0247021287089,0,noise_fg,-659.5023667502505,-375.84520185670453,-21.994777944148783
-816.1368743451676,81.6425029620577,52.79042195299992,0,noise_fg,-784.1153808075297,34.45417888546368,9.482125829052617
401.8197732325839,-723.4863170858447,10.84928796328564,0,noise_fg,340.3542959744351,-661.3030723938897,-14.294726266288004
-597.7566809206888,-542.4117076451482,-0.26018918973482386,0,noise_fg,-545.4344071228033,-527.255531917845,-32.371433611592714
-110.69051139550415,-730.7837453203736,9.474865151089432,0,noise_fg,-57.252109861791666,-749.2050503066388,-38.72870424349277
-354.4040919910145,-666.6076640370825,36.347965989443246,0,noise_fg,-320.00583669144004,-686.4926594214594,-38.540265990572294
-655.5926588849848,576.0075276001686,2.7032526567753976,0,noise_fg,-700.7662240367725,610.8606618511418,50.982950488318586
-849.5023964020982,105.9349771712797,-47.652270506234316,0,noise_fg,-779.8041348343876,61.39699346190607,11.38810159571668
-389.1836645514379,-625.8545084629393,-24.206489086030807,0,noise_fg,-347.52905605628183,-673.6773045388157,-40.51175758721192
-816.330168675852,233.9766958969418,90.02853516836457,0,noise_fg,-772.0334998075873,288.1434138332971,26.813520694248318
-719.1130217703246,661.9154718765254,34.70915269670886,0,noise_fg,-661.4292913481395,700.2747662894247,58.73186575251224
-663.1994526104038,-249.90363230701644,26.208252859666512,0,noise_fg,-700.7337831487013,-289.73483288592575,-17.87653452194144
670.1581435607776,-393.42066584678975,71.5033469731782,0,noise_fg,691.5507674376714,-422.07659736246154,25.874196564455996
-733.8801257464612,68.53006189951432,-1.9192317315931078,0,noise_fg,-782.4788430244404,23.1030375244033,10.367289641975617
-750.0406352080588,145.67705502695202,84.75055890232572,0,noise_fg,-786.8411472453145,107.1762918393499,16.891226756283423
-646.6685925263478,845.5372842878726,21.24236887392661,0,noise_fg,-613.1463054040563,807.0853312595223,60.872087143386786
-509.30847232557824,-576.6154008849742,23.337624905892653,0,noise_fg,-558.5107535718365,-505.7634276313502,-28.02099857530038
-724.5399572182332,-395.16664210290713,11.80093593338082,0,noise_fg,-662.3995671351357,-362.4054574873995,-23.00617561116183
-739.3427792897368,-149.42070801360796,-45.854806124770924,0,noise_fg,-761.78727560527,-106.89903508477465,-3.7200580363485827
-263.5814766930428,-708.8462939894644,-89.029064704636,0,noise_fg,-285.0069554788018,-696.9844488004258,-37.55262972744786
-646.0097514699645,-359.3543210371196,-54.41725407923174,0,noise_fg,-685.4463806206203,-322.8291381749739,-20.25934713346717
764.9532936913604,-313.1734711690903,36.08417586126447,0,noise_fg,813.781216092977,-290.60975311763815,53.29721433153451
876.7130996631205,-317.25883320710886,-22.40594162508752,0,noise_fg,829.1747546515962,-269.5868498127898,52.88214139756536
-710.563277660902,305.81329728314626,55.202867560014774,0,noise_fg,-761.5357978028998,372.76247975883007,30.741547013996353
-113.4641833281118,-726.4302288768433,-76.75269851034159,0,noise_fg,-57.252109861791666,-749.2050503066388,-38.72870424349277
646.9038718790072,-393.74067283049027,-23.46532743080876,0,noise_fg,699.2397113424825,-417.40771707448863,32.0315434168507
237.41226129000057,-709.5698935596456,29.52055234213028,0,noise_fg,283.7937309095881,-688.5370265540397,-22.194023375672312
-735.769821275417,376.57591399113016,-13.683462338356883,0,noise_fg,-765.392440764927,333.97697098736865,31.18674063850409
888.579237060418,-313.9900482374683,-20.367166355691076,0,noise_fg,829.1747546515962,-269.5868498127898,52.88214139756536
-797.2962629229296,366.19521112691837,-24.724636033401055,0,noise_fg,-752.7052913498625,406.2443602388378,38.099550477084975
582.1717644517566,-418.3306945175628,81.7297778919801,0,noise_fg,646.9475477488236,-462.97312416105416,25.193037667427507
-261.39993739750736,-709.8443164941532,-72.67624240967652,0,noise_fg,-285.0069554788018,-696.9844488004258,-37.55262972744786
205.8203811458775,-737.2467611053303,-54.141418818451584,0,noise_fg,235.6852461827456,-705.2743404439146,-19.716454586386426
-237.3831330053994,-738.3030425475189,13.245466997422426,0,noise_fg,-270.8212405569901,-702.1422318184979,-43.301914297208825
-429.63314222790524,-624.4946327886491,0.5811746249413332,0,noise_fg,-473.64743793285726,-590.0047327931055,-32.49728268121849
-131.73697665801063,-760.603347543512,-108.41577126291655,0,noise_fg,-150.48382526111217,-736.5600735701419,-36.90379149750204
-531.0602011445261,-407.1462196811825,-86.80761658010861,0,noise_fg,-596.3263504480734,-459.9928236923655,-29.055098099865408
650.5316307881922,-344.7413370717861,73.3905026301251,0,noise_fg,713.9792559365294,-397.93547515304715,29.95441538793169
353.38950126905354,-592.5081937699414,-27.409516174550845,0,noise_fg,392.6204321921922,-638.649339769726,-6.131944354282439
-708.5038685442055,645.4069020787763,28.401254020102094,0,noise_fg,-661.4292913481395,700.2747662894247,58.73186575251224
1834.9320236717967,-784.8070152069631,580.5022786724815,-1,noise_bg,1834.9320236717967,-784.8070152069631,580.5022786724815
-2007.4092223499706,-1108.6277728308696,567.4840457240937,-1,noise_bg,-2007.4092223499706,-1108.6277728308696,567.4840457240937
-779.2535814790558,-1140.0375344674123,-6.651913280386225,-1,noise_bg,-779.2535814790558,-1140.0375344674123,-6.651913280386225
371.9925193776585,-1496.4503767682502,374.6428844228999,-1,noise_bg,371.9925193776585,-1496.4503767682502,374.6428844228999
-2454.0323857555763,1125.3546690368416,35.591936330018484,-1,noise_bg,-2454.0323857555763,1125.3546690368416,35.591936330018484
1380.2231557248456,1534.5946682439499,-741.4008361130965,-1,noise_bg,1380.2231557248456,1534.5946682439499,-741.4008361130965
2171.6812482254754,-1794.8204855784065,377.8798357797991,-1,noise_bg,2171.6812482254754,-1794.8204855784065,377.8798357797991
-1353.3683822950682,1542.414865353921,174.7751655441408,-1,noise_bg,-1353.3683822950682,1542.414865353921,174.7751655441408
-1431.3255592514017,166.8631850986817,-314.22660564055457,-1,noise_bg,-1431.3255592514017,166.8631850986817,-314.22660564055457
969.5105332488938,446.9915561344119,-541.0826544884418,-1,noise_bg,969.5105332488938,446.9915561344119,-541.0826544884418
-1168.8343538071588,719.0218263133752,-102.40493677220525,-1,noise_bg,-1168.8343538071588,719.0218263133752,-102.40493677220525
737.4425377660764,1271.6520339010103,-664.7491929374313,-1,noise_bg,737.4425377660764,1271.6520339010103,-664.7491929374313
-854.7024662708513,-1617.3135697205216,-362.4685729707922,-1,noise_bg,-854.7024662708513,-1617.3135697205216,-362.4685729707922
212.86822864731585,-1792.9822030171117,206.13552026687512,-1,noise_bg,212.86822864731585,-1792.9822030171117,206.13552026687512
2396.7542229259534,2416.9199165599557,133.09157996566944,-1,noise_bg,2396.7542229259534,2416.9199165599557,133.09157996566944
594.8434404956306,-1309.242569116761,-649.9569433178295,-1,noise_bg,594.8434404956306,-1309.242569116761,-649.9569433178295
-1238.7669490388553,-1106.41840887519,182.26407726736284,-1,noise_bg,-1238.7669490388553,-1106.41840887519,182.26407726736284
-658.4597078671966,-2167.8325354021904,99.77925987132699,-1,noise_bg,-658.4597078671966,-2167.8325354021904,99.77925987132699
-33.059036747660684,-1722.5517761657534,70.31424575522976,-1,noise_bg,-33.059036747660684,-1722.5517761657534,70.31424575522976
2387.309777374987,-330.08098168323386,-302.78066078065336,-1,noise_bg,2387.309777374987,-330.08098168323386,-302.78066078065336
-2236.7303202822604,1699.2227834158066,-88.3182056815258,-1,noise_bg,-2236.7303202822604,1699.2227834158066,-88.3182056815258
2164.7311611354244,-217.42332213282134,-101.1873255399563,-1,noise_bg,2164.7311611354244,-217.42332213282134,-101.1873255399563
869.0715335522418,1355.2737294924796,27.888975051297393,-1,noise_bg,869.0715335522418,1355.2737294924796,27.888975051297393
-809.1484355340949,-42.5655834786935,-434.64246262448466,-1,noise_bg,-809.1484355340949,-42.5655834786935,-434.64246262448466
5.074234637004338,2108.9404106584752,551.9207563007358,-1,noise_bg,5.074234637004338,2108.9404106584752,551.9207563007358
-917.0398085902802,-294.7499571038952,335.8373596513825,-1,noise_bg,-917.0398085902802,-294.7499571038952,335.8373596513825
806.1619106946955,-552.7789571605913,669.4096824125872,-1,noise_bg,806.1619106946955,-552.7789571605913,669.4096824125872
1839.595571370346,2153.557474324107,-229.9433461232437,-1,noise_bg,1839.595571370346,2153.557474324107,-229.9433461232437
810.4883475447923,817.4277743990688,-692.3929662204223,-1,noise_bg,810.4883475447923,817.4277743990688,-692.3929662204223
